"city","age","male","prep","hiv"
"San Jose",38,0,0,0
"Oakland",20,1,1,0
"Oakland",20,0,0,0
"San Jose",19,1,0,1
"Oakland",39,0,0,0
"Oakland",28,1,1,1
"San Francisco",28,0,0,1
"San Francisco",31,1,1,0
"San Jose",21,0,0,0
"Oakland",17,0,0,0
"San Jose",31,0,1,0
"San Francisco",33,0,1,0
"San Jose",23,1,0,0
"Oakland",16,0,0,0
"San Francisco",30,1,1,1
"San Jose",27,0,0,1
"Oakland",32,0,0,0
"Oakland",19,1,0,0
"San Jose",29,1,0,0
"San Jose",17,1,1,0
"Oakland",32,0,0,0
"Oakland",33,0,0,0
"Oakland",19,0,0,0
"San Francisco",26,0,1,0
"San Francisco",22,1,1,0
"Oakland",21,1,1,0
"Oakland",22,0,0,0
"Oakland",21,0,0,0
"Oakland",18,0,0,0
"San Jose",16,0,0,0
"Oakland",34,0,0,0
"Oakland",17,1,1,0
"Oakland",33,1,1,0
"San Francisco",25,1,1,0
"Oakland",19,0,0,0
"San Francisco",21,0,0,0
"San Francisco",39,1,1,0
"Oakland",18,0,0,0
"San Francisco",20,1,1,0
"Oakland",15,0,1,0
"San Jose",38,0,0,0
"Oakland",29,0,0,1
"San Francisco",23,0,1,0
"San Francisco",26,0,1,1
"Oakland",30,0,0,1
"San Francisco",27,1,1,0
"San Jose",22,1,0,0
"Oakland",21,0,0,0
"San Francisco",20,1,1,0
"Oakland",32,1,0,0
"Oakland",39,1,0,0
"Oakland",28,1,1,0
"San Francisco",33,0,0,0
"Oakland",31,0,0,0
"San Jose",18,0,0,0
"Oakland",26,0,0,0
"Oakland",38,0,0,0
"San Jose",21,1,0,1
"San Francisco",23,1,1,0
"San Jose",22,0,0,0
"San Jose",27,1,0,0
"San Jose",39,1,1,0
"Oakland",21,1,0,0
"Oakland",22,0,0,0
"Oakland",23,1,1,0
"San Francisco",27,1,1,1
"San Francisco",20,0,0,0
"Oakland",34,0,0,0
"San Francisco",16,0,0,0
"Oakland",22,1,0,0
"Oakland",31,0,1,1
"San Jose",39,0,0,0
"Oakland",37,0,0,0
"Oakland",26,0,0,1
"San Jose",28,1,0,0
"San Jose",40,1,0,0
"San Francisco",36,1,1,0
"Oakland",30,0,0,1
"San Jose",24,1,0,0
"San Jose",32,0,0,0
"Oakland",16,1,0,0
"Oakland",23,0,0,0
"San Jose",37,0,0,0
"San Jose",15,1,0,0
"San Francisco",28,1,1,0
"San Francisco",21,1,1,0
"Oakland",20,1,1,1
"Oakland",36,1,1,0
"Oakland",25,0,0,0
"San Jose",17,0,0,0
"Oakland",30,0,0,0
"Oakland",27,0,1,0
"San Jose",21,1,0,0
"San Jose",25,0,0,0
"Oakland",27,1,1,0
"San Jose",33,0,0,0
"Oakland",17,0,0,1
"San Francisco",37,1,1,0
"San Jose",20,1,0,0
"San Francisco",20,1,0,0
"Oakland",16,0,0,0
"San Francisco",29,0,1,0
"Oakland",21,0,0,0
"San Francisco",18,0,0,0
"Oakland",24,0,0,0
"San Jose",29,0,0,0
"Oakland",37,1,0,0
"Oakland",34,1,1,0
"Oakland",18,1,0,1
"San Francisco",16,1,0,0
"San Jose",26,1,0,0
"San Francisco",27,1,1,0
"Oakland",30,1,0,0
"Oakland",38,0,1,0
"Oakland",21,1,0,1
"San Jose",28,1,0,0
"San Jose",37,0,0,0
"Oakland",28,0,0,0
"Oakland",28,0,0,0
"Oakland",35,0,0,0
"Oakland",15,0,0,0
"Oakland",19,1,0,0
"San Jose",20,1,0,0
"San Jose",27,1,0,0
"Oakland",20,0,0,0
"Oakland",23,0,0,0
"San Francisco",38,0,0,1
"Oakland",19,0,0,0
"Oakland",20,0,0,0
"San Francisco",34,0,1,0
"San Francisco",28,0,0,0
"Oakland",17,0,0,0
"Oakland",30,0,0,0
"Oakland",19,0,0,0
"San Francisco",17,1,1,0
"San Francisco",35,1,1,0
"San Jose",31,1,0,0
"San Francisco",31,1,1,0
"San Jose",17,0,0,0
"Oakland",21,1,0,0
"Oakland",16,1,0,1
"Oakland",15,1,0,1
"Oakland",25,1,1,0
"San Jose",32,0,0,0
"San Francisco",22,1,1,0
"Oakland",23,0,1,0
"San Jose",21,0,1,0
"Oakland",29,0,1,0
"San Francisco",39,1,1,0
"Oakland",20,0,0,0
"Oakland",31,1,1,0
"San Francisco",30,0,0,0
"San Francisco",23,1,1,0
"Oakland",20,0,0,0
"Oakland",21,0,0,0
"Oakland",33,1,0,0
"San Francisco",23,0,0,1
"San Francisco",26,1,0,0
"San Jose",35,1,0,0
"San Francisco",20,1,1,0
"Oakland",34,0,0,0
"Oakland",28,1,0,0
"Oakland",22,1,0,0
"Oakland",27,0,0,0
"Oakland",20,0,0,0
"San Francisco",33,0,0,0
"San Jose",32,1,0,1
"San Jose",27,0,0,0
"Oakland",31,1,1,0
"San Jose",18,0,0,0
"Oakland",22,0,0,0
"Oakland",39,1,1,0
"Oakland",39,0,0,0
"Oakland",36,0,0,0
"Oakland",16,0,0,0
"Oakland",31,0,0,0
"Oakland",37,0,0,0
"San Francisco",27,0,1,0
"San Jose",18,0,0,0
"San Jose",30,1,0,0
"San Jose",24,1,0,0
"San Francisco",24,1,1,0
"Oakland",30,1,1,0
"San Jose",26,0,0,0
"Oakland",29,0,0,0
"San Jose",30,0,0,0
"Oakland",16,1,0,0
"San Jose",15,0,0,0
"Oakland",37,1,1,0
"San Francisco",38,0,0,0
"San Jose",34,0,0,0
"San Francisco",28,1,1,0
"San Francisco",38,1,1,0
"San Jose",18,0,0,0
"Oakland",22,1,1,1
"Oakland",22,1,1,0
"Oakland",37,0,0,0
"San Francisco",22,0,0,0
"Oakland",16,0,0,0
"San Jose",35,0,0,0
"Oakland",22,1,0,1
"San Francisco",31,1,1,0
"Oakland",32,1,1,0
"Oakland",18,0,0,0
"Oakland",35,1,0,0
"Oakland",38,1,1,0
"San Jose",30,0,0,0
"San Francisco",32,1,1,0
"Oakland",17,0,0,0
"Oakland",25,0,0,0
"San Francisco",38,0,0,1
"San Jose",18,0,0,0
"San Jose",23,0,0,0
"Oakland",38,1,1,0
"San Jose",26,1,0,0
"Oakland",22,1,0,0
"San Francisco",29,0,0,0
"San Francisco",27,1,1,0
"Oakland",35,0,0,0
"Oakland",21,1,0,1
"San Francisco",24,1,1,0
"Oakland",32,1,1,0
"San Jose",22,1,0,0
"Oakland",22,0,0,0
"San Jose",20,1,0,0
"San Jose",18,1,0,1
"San Francisco",19,0,0,0
"Oakland",38,0,0,0
"Oakland",19,1,0,0
"Oakland",22,1,0,1
"Oakland",39,1,1,0
"Oakland",19,0,0,0
"Oakland",20,1,1,0
"San Francisco",31,1,1,0
"San Francisco",20,0,0,0
"Oakland",37,1,0,0
"Oakland",22,0,1,0
"San Jose",21,0,0,0
"San Francisco",38,1,1,0
"San Francisco",27,1,1,0
"Oakland",18,1,1,1
"San Jose",36,1,0,0
"San Francisco",40,1,1,0
"Oakland",24,1,1,1
"San Francisco",39,1,1,0
"Oakland",30,0,0,0
"Oakland",17,1,1,0
"Oakland",24,0,0,0
"Oakland",17,1,0,0
"Oakland",22,1,0,0
"San Jose",25,0,0,1
"San Francisco",30,0,1,0
"San Jose",23,1,0,0
"San Francisco",38,1,1,0
"San Jose",39,1,0,0
"San Francisco",24,1,1,0
"Oakland",32,0,0,0
"Oakland",23,1,0,0
"San Francisco",33,1,1,0
"Oakland",34,0,1,0
"Oakland",20,0,0,0
"San Jose",23,0,0,0
"San Francisco",33,0,1,0
"Oakland",22,0,1,1
"Oakland",35,0,0,0
"San Francisco",29,1,1,0
"Oakland",16,0,0,0
"San Jose",20,0,0,0
"San Francisco",18,0,0,0
"San Francisco",22,1,1,0
"Oakland",35,1,0,0
"San Francisco",19,1,1,0
"Oakland",16,0,0,0
"San Jose",19,1,0,1
"Oakland",34,0,0,0
"Oakland",26,1,1,0
"Oakland",37,0,0,0
"Oakland",37,1,1,0
"Oakland",33,0,0,0
"San Jose",37,1,0,0
"San Jose",29,0,0,0
"Oakland",20,1,0,0
"San Jose",30,1,0,1
"San Jose",19,0,0,0
"Oakland",29,1,1,0
"Oakland",32,0,1,0
"Oakland",17,0,0,0
"Oakland",36,1,0,0
"San Jose",30,0,0,0
"Oakland",16,1,0,0
"Oakland",19,1,0,1
"San Francisco",36,1,1,0
"Oakland",32,1,1,0
"Oakland",30,0,1,0
"San Francisco",39,0,1,0
"Oakland",29,1,0,0
"San Jose",29,1,0,0
"San Jose",37,1,1,0
"San Francisco",32,1,1,0
"San Jose",33,1,1,0
"San Jose",32,1,0,0
"Oakland",27,1,0,0
"Oakland",24,1,0,0
"Oakland",40,0,0,0
"San Jose",24,0,0,0
"Oakland",16,0,0,0
"Oakland",38,0,0,0
"San Jose",17,0,0,0
"Oakland",36,0,0,0
"Oakland",26,0,0,0
"San Jose",35,0,0,0
"San Francisco",27,0,0,0
"San Francisco",16,0,0,0
"San Francisco",28,0,0,0
"Oakland",16,0,0,0
"San Francisco",39,1,1,0
"Oakland",21,1,0,1
"San Jose",36,1,0,0
"San Jose",30,1,0,0
"Oakland",21,1,1,0
"San Francisco",31,1,1,0
"Oakland",16,1,1,0
"Oakland",37,1,0,0
"San Jose",22,0,0,0
"San Francisco",30,1,1,0
"San Jose",25,0,0,0
"Oakland",34,1,0,0
"Oakland",32,1,1,0
"Oakland",39,1,0,0
"San Francisco",38,0,0,0
"San Francisco",28,0,0,0
"Oakland",17,0,0,0
"Oakland",24,0,0,0
"Oakland",25,1,0,0
"San Francisco",27,0,0,0
"San Jose",16,0,0,0
"San Jose",18,1,0,0
"Oakland",26,1,0,1
"San Jose",27,1,1,0
"San Jose",20,0,0,0
"San Francisco",20,0,0,0
"San Jose",26,0,0,0
"Oakland",25,0,1,0
"San Jose",28,1,1,0
"Oakland",30,1,0,0
"San Jose",28,0,0,0
"Oakland",32,1,0,0
"San Francisco",39,1,1,0
"Oakland",22,1,0,1
"San Francisco",35,1,1,0
"San Jose",31,0,0,0
"Oakland",30,0,0,0
"Oakland",39,0,0,0
"San Francisco",29,1,1,1
"Oakland",22,0,0,0
"Oakland",38,0,0,0
"San Jose",34,0,0,0
"Oakland",25,0,0,0
"Oakland",39,0,0,0
"Oakland",34,1,1,0
"San Jose",34,0,0,0
"San Jose",31,0,0,0
"San Francisco",24,0,0,0
"Oakland",24,0,0,0
"San Francisco",34,0,0,0
"San Francisco",38,0,0,0
"San Jose",27,0,0,0
"San Francisco",16,1,1,0
"Oakland",15,0,0,0
"Oakland",26,0,0,0
"Oakland",16,1,0,0
"San Jose",37,0,0,0
"San Francisco",32,1,1,0
"San Francisco",34,1,1,1
"Oakland",39,0,0,0
"Oakland",18,0,0,0
"San Francisco",22,0,0,0
"San Francisco",33,1,1,0
"Oakland",32,0,0,0
"Oakland",39,0,0,0
"San Jose",26,1,0,1
"San Francisco",37,1,0,0
"Oakland",27,0,0,0
"San Jose",37,1,0,0
"San Francisco",38,1,1,0
"Oakland",20,0,0,1
"San Francisco",37,0,0,0
"Oakland",37,0,0,0
"Oakland",17,0,0,0
"Oakland",33,0,0,1
"San Francisco",40,1,1,0
"Oakland",37,1,1,0
"San Jose",16,1,1,0
"San Jose",29,0,0,0
"Oakland",18,1,1,1
"San Francisco",38,0,0,0
"San Francisco",35,1,1,0
"San Jose",28,0,0,0
"San Francisco",17,1,1,0
"Oakland",24,0,0,0
"San Jose",27,1,1,0
"Oakland",28,0,0,0
"San Jose",24,1,1,0
"Oakland",16,1,1,0
"San Jose",22,0,0,0
"San Francisco",28,1,1,1
"San Francisco",23,1,0,0
"San Francisco",16,1,1,0
"San Jose",36,0,0,0
"Oakland",27,1,0,0
"San Jose",35,0,0,0
"Oakland",30,0,0,0
"San Jose",33,0,0,0
"Oakland",22,0,0,0
"San Francisco",39,0,0,0
"Oakland",36,1,0,1
"San Jose",31,0,0,0
"Oakland",24,1,0,0
"San Francisco",23,0,0,0
"Oakland",20,1,0,0
"Oakland",39,1,0,0
"San Francisco",35,1,1,1
"Oakland",22,0,0,1
"Oakland",37,1,1,1
"Oakland",24,0,0,0
"San Jose",27,1,0,0
"Oakland",31,0,0,1
"Oakland",23,0,1,0
"San Francisco",31,0,1,0
"San Francisco",25,1,1,1
"San Francisco",29,1,1,0
"Oakland",17,1,0,1
"San Jose",27,1,1,0
"Oakland",18,0,0,0
"Oakland",36,0,0,0
"San Francisco",23,1,1,1
"Oakland",25,0,0,0
"San Jose",23,1,0,0
"San Jose",26,1,0,1
"Oakland",20,0,0,0
"Oakland",39,1,0,0
"San Jose",28,1,1,0
"Oakland",16,1,0,0
"San Francisco",18,1,0,0
"San Francisco",23,0,0,0
"Oakland",35,1,0,0
"San Francisco",29,0,1,0
"Oakland",19,0,0,0
"Oakland",21,0,0,0
"San Jose",27,1,0,0
"Oakland",31,1,1,1
"Oakland",34,1,1,0
"Oakland",30,0,0,1
"Oakland",21,1,1,0
"San Jose",20,0,0,0
"San Jose",36,1,0,0
"Oakland",27,0,0,0
"San Francisco",30,0,0,1
"Oakland",24,1,0,1
"San Francisco",24,1,1,0
"Oakland",31,1,1,0
"Oakland",27,0,0,0
"Oakland",17,1,0,0
"San Jose",27,0,0,0
"Oakland",25,1,0,0
"Oakland",39,1,1,0
"San Jose",22,0,0,1
"San Francisco",37,1,1,0
"Oakland",29,1,0,0
"San Jose",26,0,0,0
"San Francisco",30,0,0,0
"San Jose",27,1,0,0
"San Jose",20,1,0,0
"Oakland",37,1,1,0
"San Jose",25,0,0,1
"San Francisco",17,0,0,1
"San Francisco",18,1,0,0
"San Francisco",35,0,1,0
"Oakland",18,0,0,0
"San Francisco",38,1,1,0
"San Francisco",29,0,0,0
"Oakland",29,1,0,0
"San Francisco",25,0,0,0
"Oakland",16,1,0,0
"San Francisco",36,0,0,1
"San Jose",33,0,0,0
"San Francisco",19,0,0,1
"San Jose",34,1,0,0
"San Francisco",34,1,1,0
"San Jose",23,1,0,0
"Oakland",28,1,1,0
"San Francisco",27,0,0,0
"Oakland",19,1,0,0
"San Francisco",19,0,0,0
"San Jose",18,0,0,0
"Oakland",38,0,0,0
"San Francisco",37,0,0,0
"Oakland",23,1,1,0
"Oakland",19,1,1,0
"San Jose",33,0,0,0
"San Francisco",23,1,1,0
"San Jose",27,1,0,0
"San Francisco",36,0,0,0
"San Jose",25,0,0,0
"San Jose",34,0,0,0
"San Jose",33,1,0,0
"Oakland",22,1,1,0
"San Jose",38,0,0,0
"Oakland",25,1,0,0
"Oakland",29,1,1,0
"San Jose",18,0,0,0
"San Jose",34,0,0,0
"San Francisco",40,0,1,0
"San Jose",16,1,0,0
"Oakland",33,1,1,0
"San Jose",38,1,0,0
"San Jose",38,0,0,0
"San Francisco",36,1,1,0
"San Francisco",17,1,1,0
"San Francisco",40,1,1,0
"Oakland",27,1,0,1
"San Jose",26,1,1,0
"Oakland",25,0,0,0
"San Francisco",30,0,0,1
"Oakland",16,0,1,0
"San Jose",30,1,0,0
"Oakland",40,1,0,0
"Oakland",34,0,0,0
"San Francisco",19,1,1,0
"San Jose",32,1,1,1
"Oakland",35,0,0,0
"Oakland",37,0,0,0
"San Francisco",20,1,1,0
"San Francisco",29,1,1,1
"San Francisco",32,1,1,0
"Oakland",15,1,0,1
"San Jose",17,0,0,0
"San Francisco",27,1,1,0
"Oakland",16,1,0,1
"Oakland",28,1,1,0
"Oakland",39,1,1,0
"Oakland",21,0,0,0
"Oakland",33,0,0,0
"Oakland",32,1,0,0
"San Francisco",39,0,0,0
"Oakland",32,1,0,0
"Oakland",26,0,0,0
"Oakland",18,0,0,0
"San Jose",24,0,0,1
"San Jose",20,0,0,0
"Oakland",15,1,1,0
"San Jose",35,0,0,0
"San Jose",39,0,0,0
"Oakland",34,1,1,0
"Oakland",18,1,0,0
"Oakland",20,0,0,0
"Oakland",29,0,0,0
"Oakland",24,1,0,1
"San Jose",23,0,0,0
"San Francisco",32,0,0,0
"San Jose",39,0,0,0
"San Francisco",36,1,1,0
"Oakland",15,1,1,0
"San Jose",20,0,0,0
"Oakland",36,0,0,0
"San Francisco",29,1,1,0
"Oakland",19,0,0,0
"San Jose",31,1,0,1
"San Francisco",20,0,0,0
"Oakland",28,0,0,0
"Oakland",20,1,0,1
"San Jose",25,1,0,0
"San Jose",39,0,0,0
"San Francisco",25,1,1,0
"Oakland",38,1,1,0
"Oakland",35,1,1,0
"San Francisco",37,0,0,0
"San Francisco",20,0,0,0
"San Francisco",36,0,0,0
"Oakland",28,0,0,0
"San Francisco",17,1,1,0
"Oakland",33,0,0,0
"San Jose",25,1,0,0
"Oakland",20,1,0,0
"San Jose",30,1,0,0
"San Francisco",25,1,1,0
"Oakland",16,1,0,1
"San Jose",23,0,0,0
"Oakland",17,0,0,0
"San Francisco",30,1,1,0
"San Francisco",24,1,1,0
"Oakland",16,0,0,0
"Oakland",17,0,0,0
"San Jose",26,1,0,0
"San Francisco",38,1,1,0
"San Jose",32,1,0,0
"San Jose",21,1,0,1
"San Jose",39,0,0,0
"Oakland",27,1,0,0
"San Jose",18,1,0,0
"San Jose",19,1,0,0
"San Francisco",38,1,1,0
"San Francisco",37,0,0,0
"Oakland",16,1,0,0
"San Francisco",21,0,0,1
"San Jose",27,1,0,0
"Oakland",15,0,0,1
"San Francisco",30,1,1,0
"San Francisco",29,1,1,0
"Oakland",29,1,1,0
"San Jose",29,0,0,1
"Oakland",35,0,0,0
"Oakland",36,0,0,0
"Oakland",37,1,0,0
"Oakland",28,1,0,1
"San Jose",17,0,1,0
"Oakland",17,1,1,0
"Oakland",32,0,0,1
"San Francisco",33,0,0,1
"San Francisco",26,0,0,0
"Oakland",39,0,0,0
"San Francisco",16,1,1,0
"Oakland",21,1,0,0
"San Jose",21,0,0,0
"San Jose",28,0,0,0
"Oakland",21,1,0,0
"Oakland",16,0,0,0
"San Jose",39,1,1,0
"San Francisco",20,1,1,0
"San Jose",33,1,0,0
"San Jose",32,1,0,0
"San Francisco",32,1,1,0
"Oakland",32,1,0,0
"Oakland",19,0,0,1
"Oakland",25,1,1,0
"Oakland",37,0,0,0
"San Francisco",37,1,1,0
"San Francisco",17,1,0,0
"San Jose",40,0,0,0
"San Jose",20,1,0,0
"Oakland",20,1,1,0
"Oakland",22,0,1,0
"Oakland",39,0,0,0
"San Jose",28,0,0,0
"San Jose",39,1,0,0
"Oakland",32,0,0,0
"Oakland",32,1,1,1
"Oakland",30,0,1,0
"Oakland",30,0,0,0
"San Jose",18,1,0,0
"San Jose",31,0,0,0
"Oakland",17,0,0,0
"San Jose",35,0,0,0
"San Jose",25,0,0,0
"Oakland",15,1,0,0
"Oakland",27,1,0,1
"San Jose",29,0,0,0
"Oakland",18,1,1,0
"San Francisco",28,1,1,0
"Oakland",19,0,0,0
"Oakland",27,0,0,0
"Oakland",25,1,0,0
"Oakland",15,0,0,1
"Oakland",23,1,0,0
"Oakland",21,0,0,0
"San Francisco",36,1,1,0
"San Jose",28,0,0,0
"San Jose",23,0,0,0
"San Jose",21,0,0,0
"Oakland",25,0,0,1
"Oakland",22,1,1,0
"San Francisco",17,0,0,0
"Oakland",34,1,1,0
"Oakland",31,1,0,0
"San Jose",27,0,0,0
"San Jose",31,0,0,0
"San Francisco",33,0,0,0
"Oakland",29,1,0,0
"Oakland",18,1,0,1
"San Francisco",35,1,1,0
"Oakland",15,0,0,1
"San Jose",20,1,0,0
"San Francisco",29,1,1,0
"San Francisco",34,1,1,0
"San Francisco",16,0,0,0
"Oakland",36,1,0,0
"Oakland",21,1,1,0
"San Francisco",30,0,0,0
"San Jose",32,0,0,0
"San Francisco",39,0,1,0
"Oakland",38,0,0,0
"San Jose",20,0,0,0
"Oakland",25,1,0,0
"San Jose",26,0,0,0
"San Jose",22,1,0,0
"San Francisco",22,0,0,0
"Oakland",25,1,0,1
"San Jose",15,1,0,0
"San Jose",24,0,0,0
"Oakland",36,1,1,0
"San Jose",35,0,0,0
"San Francisco",33,0,1,0
"San Jose",22,0,0,0
"Oakland",18,0,0,0
"Oakland",30,1,0,1
"Oakland",22,0,0,0
"San Francisco",27,1,1,1
"San Jose",23,0,0,0
"San Jose",28,0,0,0
"Oakland",22,1,0,0
"Oakland",39,0,0,0
"Oakland",21,1,1,0
"San Jose",15,1,0,1
"Oakland",17,0,0,0
"Oakland",25,0,0,0
"San Jose",20,0,0,1
"Oakland",28,0,0,0
"Oakland",38,0,0,0
"Oakland",23,0,0,1
"San Francisco",36,0,0,0
"San Francisco",36,0,0,0
"Oakland",26,1,1,0
"Oakland",35,0,0,0
"San Francisco",28,0,0,0
"San Francisco",37,0,1,0
"Oakland",15,1,0,0
"San Francisco",36,1,1,0
"San Francisco",18,0,0,1
"San Francisco",24,0,0,0
"San Jose",30,1,0,0
"San Jose",22,1,0,0
"San Jose",18,0,1,0
"Oakland",35,0,0,0
"San Jose",30,1,0,0
"San Jose",24,1,0,0
"San Francisco",28,1,1,0
"Oakland",37,1,0,0
"San Jose",37,0,0,0
"San Jose",28,1,0,0
"Oakland",22,0,0,0
"San Jose",23,0,0,0
"Oakland",20,1,1,0
"San Jose",26,0,0,0
"Oakland",23,1,1,0
"Oakland",20,1,1,0
"San Jose",30,0,0,0
"Oakland",28,0,0,0
"Oakland",24,1,0,0
"San Francisco",29,0,0,0
"Oakland",30,0,0,0
"Oakland",37,1,0,0
"San Jose",33,1,0,0
"Oakland",27,0,0,0
"San Jose",16,0,0,0
"San Francisco",35,0,0,0
"San Jose",23,0,0,0
"Oakland",38,1,1,0
"San Jose",15,0,0,0
"Oakland",38,0,0,0
"San Jose",32,1,0,0
"San Jose",31,0,0,0
"San Jose",39,0,0,0
"San Francisco",25,0,1,0
"San Jose",25,0,0,0
"Oakland",32,0,0,0
"Oakland",34,1,1,0
"Oakland",26,0,0,0
"Oakland",34,0,0,0
"Oakland",31,1,0,0
"San Francisco",32,1,1,0
"Oakland",29,0,0,0
"Oakland",16,0,0,0
"Oakland",19,0,0,0
"Oakland",36,1,1,0
"San Jose",37,1,0,0
"Oakland",23,0,0,0
"Oakland",22,0,0,0
"San Jose",19,1,0,0
"Oakland",31,1,1,0
"Oakland",17,0,0,1
"San Francisco",30,1,1,0
"San Jose",19,0,0,0
"San Francisco",28,0,0,0
"Oakland",37,0,0,0
"San Francisco",40,1,1,0
"Oakland",17,1,0,0
"Oakland",18,0,0,0
"San Jose",32,1,0,0
"Oakland",17,0,0,0
"San Jose",24,0,0,0
"Oakland",30,0,0,0
"Oakland",27,0,0,0
"Oakland",28,0,0,0
"San Jose",35,0,0,0
"San Jose",27,1,0,0
"Oakland",33,0,0,0
"San Francisco",26,1,1,0
"Oakland",35,1,0,0
"San Francisco",29,0,0,0
"Oakland",33,1,0,0
"San Francisco",27,0,0,0
"San Francisco",31,0,1,0
"San Francisco",25,0,1,0
"San Jose",32,0,0,0
"Oakland",19,1,1,0
"San Jose",30,1,0,0
"Oakland",21,1,1,0
"San Francisco",29,0,0,0
"Oakland",22,0,0,0
"Oakland",16,1,0,0
"San Francisco",27,0,0,0
"San Francisco",28,0,1,0
"Oakland",16,0,0,0
"Oakland",20,0,1,0
"San Francisco",21,0,0,1
"San Jose",23,0,0,0
"San Jose",32,0,0,0
"Oakland",40,0,0,0
"Oakland",17,0,0,0
"San Francisco",19,0,0,1
"San Francisco",15,1,0,0
"San Francisco",27,0,0,0
"Oakland",39,0,0,0
"San Jose",30,0,0,0
"Oakland",19,1,1,1
"Oakland",22,1,0,0
"San Francisco",34,1,1,0
"Oakland",20,0,0,0
"Oakland",25,0,0,1
"San Francisco",36,0,1,0
"San Jose",22,1,1,0
"Oakland",35,1,1,0
"San Jose",23,0,0,0
"Oakland",24,0,0,0
"Oakland",36,1,1,0
"Oakland",16,0,0,0
"San Francisco",36,0,1,0
"San Jose",19,0,0,0
"Oakland",40,1,1,0
"San Francisco",28,0,0,0
"Oakland",35,1,0,0
"San Francisco",34,0,1,0
"San Jose",24,1,0,1
"San Jose",26,0,0,0
"Oakland",28,0,0,0
"San Jose",26,1,0,0
"San Francisco",26,0,0,0
"Oakland",21,1,0,1
"San Francisco",15,1,1,0
"Oakland",33,1,1,0
"Oakland",38,1,0,0
"San Jose",37,1,0,0
"Oakland",27,1,1,0
"San Jose",24,0,0,0
"San Jose",21,1,1,1
"Oakland",38,1,1,0
"Oakland",26,1,1,0
"Oakland",25,0,0,0
"San Francisco",39,1,0,0
"San Francisco",18,0,0,0
"San Jose",32,0,0,0
"San Francisco",34,0,0,0
"Oakland",28,1,1,0
"Oakland",30,1,0,0
"Oakland",22,1,1,0
"Oakland",37,1,0,0
"San Jose",26,0,0,0
"Oakland",18,0,0,0
"San Jose",22,1,0,1
"Oakland",33,1,0,1
"Oakland",22,1,0,0
"Oakland",17,1,1,0
"Oakland",21,1,1,0
"Oakland",22,1,1,0
"San Francisco",20,0,0,0
"San Jose",21,1,0,0
"San Jose",38,1,1,0
"San Jose",30,0,0,0
"San Francisco",35,1,1,0
"Oakland",21,1,0,0
"Oakland",17,1,1,0
"San Francisco",20,1,1,0
"San Francisco",16,1,0,0
"Oakland",36,1,1,0
"San Francisco",26,0,0,0
"Oakland",38,0,0,0
"San Jose",31,1,0,1
"San Francisco",38,0,0,0
"Oakland",22,0,0,0
"Oakland",15,0,0,1
"Oakland",27,1,0,0
"Oakland",39,1,0,0
"San Francisco",19,0,0,0
"San Jose",33,1,0,1
"San Jose",17,0,1,0
"Oakland",27,0,0,0
"Oakland",34,1,1,0
"Oakland",21,1,1,0
"San Jose",27,0,0,0
"San Jose",22,0,0,0
"San Jose",20,0,0,0
"Oakland",28,0,0,0
"Oakland",26,0,0,0
"Oakland",28,1,1,0
"Oakland",20,1,1,1
"Oakland",39,1,1,0
"San Jose",33,0,0,0
"San Francisco",21,0,0,1
"San Francisco",32,1,1,1
"San Francisco",21,1,1,0
"San Jose",18,1,1,0
"Oakland",28,0,0,0
"San Jose",31,0,0,0
"Oakland",32,1,1,0
"San Jose",18,1,0,0
"Oakland",26,1,1,0
"San Francisco",39,0,0,0
"Oakland",40,0,0,0
"San Francisco",20,1,1,0
"Oakland",16,0,1,0
"San Jose",35,0,0,0
"Oakland",38,1,1,0
"Oakland",36,1,1,0
"Oakland",29,1,1,0
"Oakland",24,1,1,0
"San Jose",31,0,0,0
"San Francisco",23,1,1,0
"Oakland",36,0,0,0
"San Francisco",21,1,1,1
"San Jose",31,0,0,0
"San Francisco",18,1,1,0
"Oakland",28,1,0,1
"San Jose",21,1,0,1
"San Jose",40,1,1,0
"San Jose",39,0,0,0
"Oakland",38,0,0,0
"San Jose",30,0,0,0
"San Jose",19,1,1,0
"San Francisco",36,1,1,0
"San Francisco",18,1,0,0
"San Francisco",39,1,1,0
"San Francisco",32,0,0,1
"San Jose",30,0,0,1
"San Francisco",19,1,0,0
"Oakland",33,0,0,0
"San Francisco",36,0,0,0
"San Jose",31,1,0,0
"San Jose",21,0,0,0
"Oakland",31,1,1,0
"Oakland",26,0,0,1
"San Jose",15,1,0,0
"San Jose",33,1,0,0
"Oakland",28,1,0,0
"Oakland",19,0,0,0
"Oakland",29,1,0,1
"Oakland",34,0,1,0
"San Jose",22,1,1,0
"Oakland",19,1,0,0
"Oakland",20,1,1,0
"Oakland",32,0,0,1
"Oakland",38,1,1,0
"San Jose",36,1,0,0
"Oakland",34,0,0,0
"Oakland",37,1,1,0
"Oakland",40,0,1,0
"San Jose",17,1,0,0
"San Francisco",19,0,0,0
"San Francisco",39,1,1,0
"Oakland",39,1,1,0
"San Jose",30,0,0,0
"San Francisco",31,0,1,0
"San Jose",23,1,0,0
"San Jose",20,1,0,0
"Oakland",20,0,0,0
"Oakland",37,0,0,0
"San Jose",31,1,0,0
"San Jose",34,0,0,0
"San Jose",19,0,0,1
"San Jose",28,0,0,0
"Oakland",20,1,0,0
"Oakland",19,1,0,0
"Oakland",17,1,0,1
"Oakland",28,0,0,0
"San Jose",22,0,0,0
"San Francisco",25,0,0,1
"Oakland",33,0,0,0
"Oakland",18,1,0,0
"Oakland",37,0,0,0
"Oakland",38,1,0,0
"Oakland",18,1,1,0
"San Jose",33,0,0,0
"San Francisco",27,0,0,1
"Oakland",17,1,0,1
"San Francisco",20,0,0,1
"San Jose",26,0,0,0
"San Francisco",29,1,1,0
"Oakland",28,0,0,0
"San Jose",18,0,0,0
"San Jose",28,1,0,0
"San Jose",37,1,1,0
"Oakland",19,0,0,0
"San Jose",22,1,0,0
"Oakland",36,0,0,1
"Oakland",34,0,0,0
"San Francisco",33,1,1,0
"San Francisco",24,0,0,0
"San Jose",24,1,0,0
"San Francisco",28,1,1,0
"San Jose",17,0,0,0
"San Francisco",16,1,1,0
"San Jose",38,0,0,0
"San Jose",26,0,0,0
"Oakland",19,0,0,0
"Oakland",25,0,0,0
"San Francisco",30,0,0,0
"San Jose",23,0,0,0
"San Jose",33,0,1,0
"Oakland",22,1,0,0
"Oakland",35,1,0,1
"San Jose",38,1,0,0
"San Jose",35,1,0,0
"San Francisco",37,0,1,0
"Oakland",23,0,0,1
"Oakland",27,1,0,1
"Oakland",39,0,0,0
"San Francisco",31,0,0,0
"San Jose",26,1,0,0
"Oakland",40,0,0,0
"San Francisco",29,0,0,1
"Oakland",27,0,0,0
"San Francisco",39,1,1,0
"San Francisco",23,0,0,1
"Oakland",35,0,0,0
"Oakland",33,0,0,0
"Oakland",36,0,0,0
"San Francisco",21,1,1,0
"San Francisco",40,1,1,1
"Oakland",17,1,0,1
"Oakland",35,1,0,0
"Oakland",20,1,1,0
"Oakland",17,0,0,0
"Oakland",38,0,0,0
"Oakland",23,1,0,0
"San Jose",33,0,0,0
"Oakland",30,0,0,0
"Oakland",33,1,0,0
"San Francisco",37,1,1,0
"Oakland",21,1,0,0
"San Jose",36,0,0,0
"Oakland",27,0,0,0
"San Jose",38,0,0,0
"San Jose",33,1,0,0
"Oakland",29,1,0,1
"Oakland",19,0,0,0
"San Francisco",33,0,0,0
"Oakland",40,1,0,0
"San Jose",19,0,0,0
"San Francisco",27,0,0,0
"San Francisco",31,0,0,0
"Oakland",18,0,0,0
"Oakland",22,0,0,0
"Oakland",25,0,0,0
"San Francisco",19,0,0,1
"San Jose",36,0,0,0
"Oakland",39,0,0,0
"Oakland",25,1,0,1
"San Jose",17,0,0,0
"Oakland",18,1,1,0
"Oakland",23,0,0,0
"Oakland",26,0,0,0
"San Jose",27,0,0,0
"San Francisco",32,1,1,0
"Oakland",39,1,1,0
"Oakland",21,0,0,0
"Oakland",29,0,0,0
"Oakland",29,0,0,0
"Oakland",29,1,0,0
"San Jose",38,1,1,0
"Oakland",40,1,1,0
"Oakland",31,0,0,0
"San Francisco",36,1,1,0
"San Jose",31,1,0,0
"Oakland",19,1,1,0
"San Francisco",28,1,1,1
"Oakland",20,1,1,0
"Oakland",29,1,0,0
"San Francisco",23,0,0,1
"San Francisco",27,0,0,0
"Oakland",34,1,0,0
"Oakland",28,1,0,1
"San Francisco",35,1,1,0
"Oakland",24,0,0,1
"Oakland",23,1,0,1
"Oakland",26,1,0,1
"San Jose",17,1,0,0
"San Francisco",38,1,1,0
"Oakland",28,1,1,1
"San Jose",39,0,0,0
"San Francisco",22,0,0,0
"San Jose",37,1,0,0
"San Jose",21,0,0,0
"San Jose",25,1,0,1
"Oakland",28,1,1,0
"San Francisco",34,0,0,0
"San Jose",30,0,0,0
"Oakland",34,0,0,0
"Oakland",24,1,1,0
"Oakland",23,1,0,0
"San Francisco",31,0,0,1
"Oakland",28,0,0,0
"Oakland",32,0,0,0
"San Francisco",32,0,0,0
"San Jose",18,0,0,0
"San Francisco",26,1,1,0
"San Jose",19,1,0,0
"Oakland",17,0,0,0
"Oakland",18,1,1,0
"Oakland",21,0,0,0
"Oakland",30,1,0,1
"San Francisco",35,1,1,0
"Oakland",28,1,1,1
"San Francisco",28,1,1,0
"Oakland",27,1,0,0
"Oakland",25,1,0,1
"San Jose",27,1,0,0
"Oakland",38,0,0,0
"Oakland",27,0,1,0
"Oakland",29,1,0,1
"San Jose",26,1,0,0
"Oakland",32,1,0,1
"San Francisco",33,0,0,1
"Oakland",28,1,0,0
"Oakland",38,1,0,0
"Oakland",28,0,0,0
"San Jose",23,0,0,0
"San Francisco",27,1,1,0
"San Francisco",24,0,0,0
"San Jose",28,0,0,0
"Oakland",39,1,1,0
"San Jose",22,0,0,1
"San Jose",34,0,0,0
"San Francisco",33,1,1,0
"San Jose",36,1,0,0
"Oakland",33,0,0,0
"Oakland",20,0,0,0
"Oakland",35,0,0,0
"San Jose",22,0,0,0
"Oakland",30,0,0,1
"Oakland",37,1,1,0
"San Jose",29,0,0,0
"San Francisco",21,1,0,1
"Oakland",35,1,0,0
"San Francisco",29,0,0,0
"Oakland",19,1,0,0
"Oakland",38,1,0,0
"Oakland",23,1,0,0
"San Jose",33,1,1,0
"Oakland",16,1,0,0
"San Jose",17,0,0,0
"Oakland",18,0,0,0
"Oakland",27,0,0,0
"Oakland",37,0,0,0
"San Francisco",21,1,1,1
"San Jose",32,1,0,0
"Oakland",30,0,0,1
"San Francisco",29,0,0,0
"San Jose",19,0,0,0
"San Francisco",31,0,0,0
"San Jose",31,0,0,0
"Oakland",29,1,0,0
"Oakland",30,0,0,1
"Oakland",32,0,0,0
"Oakland",20,1,1,0
"San Francisco",26,1,1,1
"San Jose",25,0,0,1
"Oakland",39,0,0,0
"San Jose",31,0,0,0
"San Francisco",37,0,1,0
"San Francisco",31,0,0,1
"San Francisco",15,0,0,0
"Oakland",17,0,0,0
"Oakland",27,0,0,0
"Oakland",21,1,0,0
"Oakland",35,1,0,0
"Oakland",20,1,0,1
"Oakland",34,1,1,0
"Oakland",23,1,1,1
"San Francisco",38,0,1,0
"San Jose",27,0,0,0
"Oakland",32,0,0,0
"San Jose",29,0,0,0
"San Francisco",26,1,0,0
"San Jose",30,0,0,0
"San Francisco",30,1,1,0
"Oakland",31,1,1,0
"San Jose",21,1,0,1
"Oakland",25,1,1,0
"San Jose",16,1,0,0
"Oakland",35,1,0,0
"Oakland",23,0,0,0
"Oakland",22,0,0,1
"San Jose",32,0,0,0
"San Francisco",24,1,1,0
"Oakland",21,0,0,0
"San Francisco",39,1,1,0
"Oakland",37,1,0,0
"San Jose",34,1,0,0
"Oakland",19,1,0,1
"Oakland",23,1,1,0
"Oakland",24,1,0,0
"Oakland",35,0,0,0
"Oakland",27,1,0,0
"Oakland",27,1,0,0
"Oakland",31,1,1,1
"Oakland",37,1,1,0
"San Francisco",32,0,0,0
"Oakland",18,0,0,0
"Oakland",20,0,0,0
"San Francisco",27,1,1,0
"San Francisco",40,0,0,0
"San Francisco",37,0,0,0
"Oakland",26,1,1,0
"Oakland",24,1,0,0
"San Francisco",27,1,0,0
"San Francisco",30,1,1,0
"Oakland",25,0,0,1
"Oakland",35,0,0,0
"San Francisco",27,1,1,0
"San Francisco",25,0,0,0
"Oakland",36,0,0,1
"San Francisco",32,1,1,1
"San Jose",36,0,0,0
"San Francisco",32,0,0,0
"Oakland",24,0,0,0
"Oakland",25,1,0,0
"San Jose",24,1,0,1
"Oakland",30,0,0,0
"Oakland",20,1,0,1
"Oakland",19,1,0,0
"Oakland",37,1,0,0
"Oakland",24,0,0,0
"Oakland",35,1,1,0
"Oakland",30,0,0,0
"Oakland",28,0,0,0
"Oakland",16,0,0,0
"Oakland",29,1,0,0
"Oakland",24,1,1,1
"Oakland",36,1,1,0
"Oakland",27,0,0,0
"Oakland",21,1,1,0
"Oakland",19,0,0,0
"San Jose",24,0,0,0
"Oakland",35,1,1,0
"Oakland",28,1,1,0
"Oakland",28,1,0,0
"Oakland",24,1,0,0
"Oakland",22,0,0,0
"Oakland",22,0,0,0
"San Jose",26,0,0,1
"San Francisco",34,1,1,0
"San Jose",23,0,0,0
"Oakland",21,1,0,1
"Oakland",36,1,0,1
"San Jose",24,1,1,0
"San Jose",37,1,0,0
"San Francisco",22,0,0,0
"Oakland",28,0,0,0
"San Francisco",34,0,0,1
"San Francisco",21,0,0,0
"Oakland",18,0,0,1
"San Francisco",25,1,1,0
"San Francisco",27,0,0,0
"Oakland",28,1,0,0
"Oakland",38,1,1,0
"San Francisco",36,0,0,0
"San Francisco",19,1,1,0
"San Francisco",36,1,1,0
"San Francisco",23,1,1,0
"San Jose",26,1,1,0
"San Jose",38,0,0,0
"Oakland",34,1,1,0
"San Jose",28,1,0,0
"San Jose",27,0,0,1
"Oakland",37,0,0,0
"San Jose",17,1,0,0
"Oakland",18,1,1,0
"Oakland",39,1,0,0
"Oakland",16,0,0,0
"Oakland",39,0,0,0
"San Francisco",27,1,1,0
"Oakland",24,0,0,1
"Oakland",27,0,0,1
"Oakland",26,0,0,0
"Oakland",18,1,0,1
"Oakland",19,0,0,0
"Oakland",34,0,0,0
"Oakland",17,1,1,0
"San Francisco",24,1,1,0
"San Jose",38,1,0,0
"Oakland",22,0,0,1
"Oakland",22,1,1,0
"San Jose",19,1,1,0
"Oakland",39,1,0,0
"Oakland",35,0,0,0
"Oakland",32,0,0,0
"Oakland",15,0,0,0
"Oakland",24,1,0,0
"Oakland",34,0,0,0
"San Francisco",38,0,1,0
"Oakland",27,1,1,0
"Oakland",35,1,0,0
"San Francisco",30,1,1,0
"San Francisco",17,0,0,0
"Oakland",33,0,0,0
"Oakland",26,0,0,0
"Oakland",27,0,0,0
"San Jose",31,0,0,0
"Oakland",21,1,0,1
"San Jose",24,0,0,0
"San Jose",28,1,0,0
"San Jose",20,1,0,1
"San Jose",31,0,0,0
"San Francisco",38,0,0,0
"Oakland",32,0,0,0
"Oakland",27,1,0,0
"Oakland",29,1,0,1
"Oakland",22,1,1,0
"San Francisco",25,1,1,0
"San Francisco",22,1,1,0
"Oakland",31,0,0,0
"San Francisco",18,1,0,0
"Oakland",16,1,0,0
"San Jose",28,0,0,0
"San Jose",24,1,0,0
"San Jose",36,0,0,0
"San Francisco",40,1,1,0
"Oakland",32,0,0,0
"Oakland",19,0,0,0
"Oakland",28,1,0,0
"Oakland",34,0,0,0
"Oakland",30,1,0,0
"San Francisco",36,0,0,0
"Oakland",33,0,0,0
"San Jose",15,0,0,0
"San Francisco",40,1,1,0
"San Francisco",22,0,0,1
"Oakland",16,1,0,0
"Oakland",37,0,0,0
"Oakland",16,0,0,0
"San Francisco",25,1,1,0
"San Francisco",38,0,1,0
"Oakland",24,1,1,0
"Oakland",28,0,0,0
"Oakland",27,0,0,0
"San Francisco",23,0,0,1
"Oakland",19,1,0,0
"San Francisco",23,0,0,0
"San Jose",39,1,1,0
"San Francisco",38,0,0,0
"San Jose",22,1,0,0
"San Francisco",32,0,0,0
"Oakland",18,0,0,0
"San Francisco",31,1,1,0
"Oakland",31,1,1,0
"San Jose",33,0,0,0
"San Francisco",17,1,1,0
"Oakland",21,1,0,0
"San Francisco",22,1,1,0
"San Francisco",15,0,0,0
"San Francisco",26,1,1,1
"Oakland",36,0,0,0
"San Jose",28,1,0,1
"Oakland",33,0,0,0
"San Francisco",32,1,1,0
"San Jose",36,0,0,0
"San Francisco",35,1,1,0
"Oakland",24,1,1,0
"San Jose",15,1,1,0
"San Jose",25,1,0,0
"San Jose",35,1,0,0
"San Jose",23,1,0,0
"Oakland",16,1,0,0
"San Francisco",19,0,0,1
"San Jose",19,1,0,0
"Oakland",25,1,0,0
"Oakland",26,0,1,0
"Oakland",20,0,0,0
"San Jose",38,1,0,0
"Oakland",32,1,1,0
"Oakland",27,1,0,0
"San Francisco",35,0,1,0
"San Jose",27,1,0,0
"San Jose",27,1,0,0
"San Jose",21,1,0,0
"Oakland",24,0,0,0
"Oakland",19,0,0,0
"Oakland",31,1,1,0
"Oakland",19,1,1,0
"Oakland",36,0,0,0
"Oakland",25,1,0,0
"Oakland",30,0,0,0
"San Jose",34,0,0,0
"San Jose",36,0,0,0
"Oakland",30,0,0,0
"San Jose",31,0,0,0
"Oakland",24,0,0,1
"Oakland",29,0,0,0
"Oakland",31,1,1,0
"Oakland",34,0,0,0
"Oakland",20,1,0,0
"Oakland",32,0,0,0
"Oakland",18,1,1,0
"San Francisco",20,1,1,0
"San Francisco",33,0,0,1
"Oakland",35,1,0,0
"San Francisco",19,1,1,0
"San Jose",34,1,0,0
"Oakland",27,1,0,0
"Oakland",25,0,0,0
"San Francisco",18,1,1,1
"San Francisco",33,1,1,0
"Oakland",25,1,0,0
"San Francisco",24,1,1,0
"Oakland",34,0,0,0
"San Francisco",26,1,1,0
"Oakland",34,1,0,0
"San Jose",25,1,0,0
"Oakland",36,1,0,0
"San Francisco",16,0,0,0
"Oakland",35,1,0,0
"San Francisco",25,0,0,1
"Oakland",16,0,0,0
"Oakland",16,0,0,0
"Oakland",36,0,0,0
"San Jose",40,0,0,0
"Oakland",21,0,0,0
"San Jose",40,1,0,0
"San Jose",27,1,0,0
"San Jose",26,0,0,1
"San Francisco",29,1,1,0
"Oakland",35,1,1,0
"San Francisco",29,1,1,1
"Oakland",27,1,0,1
"Oakland",28,1,1,0
"San Francisco",17,0,0,0
"San Jose",21,0,0,0
"San Francisco",24,0,0,0
"Oakland",21,0,0,0
"San Francisco",30,1,1,1
"Oakland",21,1,0,1
"San Francisco",28,0,1,0
"San Francisco",31,0,1,1
"San Jose",28,0,0,0
"Oakland",21,0,0,0
"Oakland",33,0,0,0
"San Jose",32,1,1,0
"San Jose",24,0,1,0
"San Jose",22,0,0,0
"San Francisco",22,1,1,0
"Oakland",19,0,0,1
"San Jose",18,1,0,1
"Oakland",40,0,0,0
"Oakland",34,1,1,0
"San Jose",19,0,0,0
"San Francisco",25,1,1,0
"Oakland",24,0,0,0
"San Francisco",21,0,0,0
"San Francisco",17,0,0,0
"Oakland",27,1,0,0
"Oakland",22,0,0,0
"Oakland",38,0,0,0
"Oakland",39,0,0,0
"Oakland",25,0,0,0
"San Jose",36,1,0,0
"San Jose",23,1,0,0
"Oakland",30,0,0,0
"Oakland",16,0,0,0
"San Jose",20,0,0,0
"Oakland",24,1,0,0
"Oakland",16,0,0,1
"Oakland",22,1,1,1
"San Francisco",21,1,1,0
"Oakland",17,0,0,0
"San Jose",30,0,0,1
"San Francisco",18,1,1,1
"Oakland",37,1,1,0
"Oakland",31,0,0,0
"San Jose",34,1,0,0
"San Francisco",27,0,1,0
"San Jose",36,1,0,0
"San Jose",28,1,0,0
"San Francisco",34,1,1,0
"San Francisco",17,0,0,1
"San Francisco",30,0,1,0
"San Jose",37,1,0,1
"Oakland",30,0,0,0
"Oakland",32,1,1,0
"Oakland",39,0,0,0
"Oakland",40,1,1,0
"Oakland",29,1,0,0
"Oakland",20,0,0,0
"Oakland",34,1,1,0
"San Francisco",31,0,1,1
"San Francisco",33,1,1,0
"Oakland",31,1,0,0
"San Jose",37,0,0,0
"San Jose",17,0,0,0
"San Francisco",31,1,1,1
"Oakland",24,1,0,0
"San Francisco",16,1,1,0
"Oakland",17,0,0,0
"Oakland",18,1,0,0
"Oakland",26,1,1,1
"Oakland",23,1,1,0
"San Jose",30,1,0,0
"San Francisco",17,0,0,1
"San Francisco",30,0,1,0
"San Jose",17,0,0,1
"San Jose",30,1,0,0
"San Francisco",32,1,1,0
"San Jose",29,0,0,0
"Oakland",19,0,0,0
"San Francisco",24,0,1,0
"Oakland",25,0,0,0
"Oakland",29,1,1,0
"San Francisco",23,0,0,0
"San Francisco",36,0,1,0
"Oakland",28,1,0,1
"Oakland",34,1,0,0
"Oakland",36,0,0,0
"San Jose",34,1,0,0
"San Jose",29,0,0,0
"Oakland",26,0,0,0
"San Francisco",40,1,1,0
"San Jose",19,0,0,0
"Oakland",15,1,0,0
"Oakland",28,0,0,0
"San Jose",26,1,0,1
"Oakland",18,1,0,1
"Oakland",28,1,0,0
"San Jose",24,0,0,0
"Oakland",27,0,0,0
"San Francisco",29,1,1,0
"San Jose",29,0,0,0
"San Jose",38,1,1,0
"Oakland",18,0,0,0
"Oakland",39,0,0,1
"Oakland",27,1,1,0
"San Francisco",25,1,1,0
"San Francisco",37,1,1,0
"San Francisco",18,1,1,0
"Oakland",20,0,0,0
"San Francisco",25,1,1,0
"San Francisco",18,1,0,1
"San Jose",24,0,0,0
"Oakland",33,1,1,0
"San Francisco",25,0,0,0
"Oakland",26,0,0,0
"Oakland",37,1,1,0
"Oakland",30,1,1,0
"Oakland",37,0,0,0
"San Francisco",39,0,1,0
"San Jose",31,0,0,0
"San Jose",28,1,1,0
"Oakland",36,0,0,0
"San Jose",21,0,0,0
"Oakland",33,1,1,0
"San Jose",16,0,0,1
"Oakland",25,0,1,0
"San Francisco",38,0,0,0
"Oakland",33,1,1,0
"Oakland",33,1,0,0
"San Francisco",19,1,1,0
"Oakland",30,1,1,0
"Oakland",23,0,0,0
"San Francisco",32,0,1,0
"San Jose",16,1,0,0
"San Jose",29,0,0,0
"Oakland",35,0,0,0
"San Francisco",35,1,1,0
"San Jose",34,0,0,0
"San Francisco",37,1,1,0
"Oakland",16,1,0,0
"Oakland",30,1,1,0
"San Francisco",34,0,0,0
"Oakland",18,0,0,0
"San Jose",27,0,0,1
"Oakland",37,1,0,0
"San Jose",35,0,0,0
"San Jose",22,1,0,1
"San Francisco",36,1,1,0
"San Francisco",31,0,0,0
"San Jose",29,0,0,0
"Oakland",22,0,0,0
"Oakland",23,1,0,0
"Oakland",19,0,0,0
"Oakland",24,1,1,0
"San Jose",16,1,0,0
"Oakland",35,1,0,0
"Oakland",26,0,0,0
"Oakland",29,0,0,0
"San Francisco",35,1,1,1
"San Francisco",38,0,0,0
"Oakland",29,0,0,0
"Oakland",27,1,1,0
"San Francisco",17,0,0,0
"San Jose",34,1,0,0
"Oakland",35,0,0,0
"San Francisco",38,1,1,0
"San Francisco",37,1,1,0
"San Francisco",16,1,1,0
"San Francisco",36,1,1,0
"San Jose",37,0,0,0
"Oakland",25,0,0,0
"Oakland",19,1,1,0
"Oakland",19,0,0,0
"San Jose",29,1,0,0
"San Francisco",17,1,1,0
"San Francisco",35,1,1,1
"Oakland",33,0,0,0
"San Francisco",31,1,1,0
"San Jose",19,1,0,0
"San Francisco",24,0,1,0
"Oakland",20,1,1,1
"San Francisco",29,1,0,0
"Oakland",39,1,0,0
"San Francisco",32,1,1,0
"Oakland",29,1,1,0
"Oakland",36,1,0,0
"San Jose",19,0,0,0
"San Jose",33,1,1,0
"San Jose",28,0,0,1
"Oakland",32,1,1,0
"San Francisco",39,1,1,0
"Oakland",23,1,1,0
"San Francisco",40,1,1,0
"San Francisco",37,0,1,0
"San Jose",17,0,0,0
"San Francisco",37,0,1,0
"San Jose",27,0,0,0
"San Jose",20,0,0,0
"San Francisco",27,0,0,0
"San Jose",33,0,0,1
"San Jose",39,1,1,0
"Oakland",37,1,1,0
"Oakland",22,1,0,0
"Oakland",38,0,0,0
"Oakland",24,0,0,0
"San Jose",27,0,0,0
"San Francisco",26,1,1,0
"San Jose",26,1,0,0
"San Francisco",38,1,1,0
"Oakland",28,1,1,0
"San Francisco",29,1,1,0
"San Francisco",17,1,1,0
"San Francisco",20,1,1,0
"San Jose",33,1,0,0
"San Jose",15,1,0,0
"San Francisco",22,1,1,1
"Oakland",29,1,1,0
"San Jose",26,0,0,0
"Oakland",20,0,1,0
"San Jose",16,0,0,0
"Oakland",17,1,0,0
"San Francisco",32,1,1,0
"San Francisco",30,0,1,0
"San Francisco",35,1,1,0
"Oakland",28,0,1,0
"San Francisco",26,0,0,1
"San Francisco",16,1,1,0
"Oakland",21,1,0,0
"Oakland",28,1,0,0
"San Jose",15,1,0,0
"Oakland",38,1,1,0
"Oakland",40,1,0,0
"Oakland",31,0,0,0
"San Jose",34,0,0,0
"San Francisco",22,0,0,0
"Oakland",18,0,0,0
"San Jose",19,0,0,0
"Oakland",24,1,0,0
"Oakland",20,0,0,0
"San Jose",33,1,0,1
"San Francisco",38,0,1,0
"Oakland",38,0,0,0
"San Jose",19,1,0,0
"San Francisco",19,0,0,0
"San Francisco",32,1,1,0
"San Jose",34,0,0,0
"Oakland",16,0,0,0
"San Jose",37,1,0,0
"San Francisco",17,0,0,0
"Oakland",31,1,0,0
"San Jose",40,1,0,0
"San Francisco",16,0,0,0
"Oakland",17,1,0,0
"Oakland",22,1,1,0
"San Francisco",37,0,0,0
"Oakland",34,1,1,0
"San Jose",23,1,0,1
"San Francisco",33,1,1,0
"San Francisco",16,0,0,0
"San Jose",27,0,0,0
"Oakland",33,1,0,0
"San Francisco",29,0,0,0
"Oakland",18,0,0,1
"San Francisco",32,1,0,1
"San Francisco",22,0,0,1
"Oakland",30,0,0,0
"Oakland",26,1,0,0
"Oakland",31,1,0,0
"San Francisco",36,0,0,0
"San Francisco",20,1,1,1
"Oakland",24,0,0,0
"San Jose",15,1,0,0
"San Jose",33,0,0,0
"Oakland",20,0,0,0
"San Jose",18,0,0,0
"San Jose",27,0,0,0
"San Jose",36,0,0,0
"Oakland",29,0,0,1
"Oakland",28,0,0,0
"Oakland",38,0,0,0
"San Francisco",17,0,0,1
"Oakland",16,1,0,0
"Oakland",35,0,0,0
"Oakland",21,0,1,1
"Oakland",38,1,1,0
"San Jose",21,1,1,0
"Oakland",33,0,0,0
"Oakland",27,0,0,0
"San Francisco",24,0,0,0
"Oakland",20,1,0,0
"Oakland",19,1,0,1
"Oakland",25,1,1,0
"San Francisco",24,0,0,0
"Oakland",26,0,0,0
"San Jose",33,1,0,1
"San Jose",23,0,0,0
"Oakland",37,1,1,0
"San Jose",25,0,0,0
"Oakland",35,1,0,0
"Oakland",23,1,0,0
"Oakland",38,0,0,0
"Oakland",26,0,0,1
"Oakland",39,1,0,0
"Oakland",19,0,0,0
"Oakland",40,0,0,0
"Oakland",37,1,1,0
"Oakland",17,0,0,1
"San Jose",27,0,0,0
"San Francisco",27,1,1,0
"San Jose",22,0,1,0
"Oakland",22,1,0,1
"Oakland",40,0,1,0
"San Jose",16,0,0,0
"San Francisco",24,1,1,0
"San Jose",39,1,0,0
"Oakland",34,0,0,0
"San Francisco",34,0,0,0
"San Francisco",27,1,1,0
"San Jose",34,1,0,1
"San Jose",22,1,0,0
"Oakland",22,0,0,0
"San Francisco",31,0,0,0
"San Francisco",23,0,0,0
"Oakland",27,0,0,0
"Oakland",37,0,0,0
"San Jose",34,0,0,0
"San Jose",34,1,0,0
"San Francisco",28,0,0,1
"Oakland",36,0,0,0
"San Francisco",20,1,0,0
"San Jose",15,1,0,0
"San Jose",25,0,0,0
"San Francisco",38,1,1,0
"Oakland",34,0,0,0
"Oakland",19,0,0,0
"San Jose",25,1,0,0
"Oakland",24,1,0,0
"San Jose",25,0,0,0
"San Francisco",26,0,0,0
"San Francisco",39,1,1,0
"Oakland",30,0,0,0
"San Francisco",39,0,1,0
"San Francisco",17,0,0,0
"San Francisco",15,0,0,0
"San Jose",25,1,1,1
"San Francisco",24,1,1,0
"San Francisco",24,1,1,1
"San Jose",26,1,0,1
"Oakland",31,1,1,0
"San Francisco",30,1,1,0
"Oakland",19,1,0,0
"San Jose",20,0,0,0
"San Francisco",38,1,1,0
"San Jose",39,1,0,0
"San Jose",19,1,0,0
"Oakland",20,1,0,0
"Oakland",15,0,0,0
"Oakland",39,0,0,0
"Oakland",36,0,0,0
"San Francisco",18,0,0,0
"Oakland",36,1,1,0
"San Jose",30,0,1,0
"Oakland",25,0,0,0
"San Jose",27,1,0,0
"Oakland",26,1,0,1
"San Francisco",20,1,1,0
"Oakland",32,1,0,0
"Oakland",40,1,1,0
"San Francisco",27,1,1,0
"Oakland",29,0,0,0
"San Jose",39,1,0,0
"Oakland",31,1,0,0
"San Francisco",32,0,0,0
"Oakland",38,0,1,0
"San Francisco",30,0,0,0
"San Jose",22,1,0,1
"Oakland",27,1,0,0
"Oakland",40,1,0,0
"San Francisco",33,0,0,0
"Oakland",38,0,0,0
"Oakland",17,0,0,0
"Oakland",25,1,1,0
"San Jose",19,1,0,0
"Oakland",24,0,0,0
"San Francisco",35,0,0,0
"Oakland",27,0,0,0
"Oakland",17,1,0,0
"San Jose",26,1,0,1
"San Jose",24,1,0,0
"San Francisco",32,1,1,0
"San Francisco",36,1,1,0
"Oakland",39,0,1,0
"Oakland",35,0,0,0
"Oakland",19,0,0,0
"San Jose",29,0,0,1
"San Francisco",18,0,0,0
"San Francisco",32,1,1,0
"Oakland",16,1,1,1
"San Jose",35,0,0,0
"Oakland",33,0,0,0
"Oakland",28,1,0,1
"San Francisco",38,1,1,0
"San Jose",26,1,0,0
"San Francisco",15,1,1,0
"San Jose",37,0,0,1
"Oakland",22,1,1,0
"Oakland",34,1,1,0
"San Jose",17,0,0,0
"San Francisco",37,0,0,0
"Oakland",17,0,1,0
"Oakland",25,0,0,0
"San Francisco",21,1,1,1
"Oakland",28,0,0,1
"Oakland",16,0,0,0
"San Francisco",20,0,0,0
"San Francisco",25,1,1,0
"San Jose",38,0,0,0
"Oakland",39,0,0,0
"San Jose",27,1,0,0
"Oakland",29,1,0,0
"San Francisco",21,1,1,1
"Oakland",30,1,1,0
"San Francisco",33,1,1,0
"San Jose",25,0,0,0
"Oakland",23,0,1,0
"San Francisco",18,1,1,0
"San Francisco",25,1,1,0
"Oakland",38,1,1,1
"San Francisco",32,0,1,0
"Oakland",22,0,0,0
"San Jose",16,1,0,0
"San Francisco",33,1,1,0
"Oakland",19,1,0,0
"San Francisco",38,1,1,0
"Oakland",26,1,1,0
"San Jose",18,0,0,0
"San Francisco",16,1,1,0
"Oakland",34,0,0,0
"San Jose",35,1,0,1
"San Jose",28,0,0,0
"Oakland",38,0,0,0
"Oakland",30,0,0,0
"Oakland",21,1,0,0
"San Francisco",34,1,1,0
"San Jose",26,1,1,0
"Oakland",16,1,0,0
"San Jose",30,1,1,1
"San Francisco",34,1,1,0
"Oakland",16,0,0,0
"Oakland",21,1,1,0
"San Jose",33,1,1,0
"Oakland",24,0,0,0
"Oakland",37,0,0,0
"San Francisco",36,0,1,0
"Oakland",18,1,0,0
"San Francisco",27,0,0,0
"Oakland",39,1,0,0
"Oakland",20,0,0,0
"San Francisco",25,1,1,1
"San Jose",28,0,0,0
"San Francisco",32,0,0,0
"Oakland",37,0,0,0
"Oakland",29,1,1,0
"Oakland",20,0,0,1
"Oakland",27,1,1,0
"San Jose",35,1,0,0
"San Jose",31,1,0,0
"San Francisco",28,1,1,0
"Oakland",32,1,1,0
"San Francisco",38,0,1,0
"San Jose",34,1,0,0
"San Francisco",32,0,0,0
"San Jose",32,1,1,0
"San Francisco",21,0,0,0
"San Jose",20,1,0,0
"San Francisco",39,1,1,0
"Oakland",30,0,0,0
"Oakland",20,1,0,0
"Oakland",27,0,0,0
"Oakland",22,0,0,0
"San Francisco",21,1,1,0
"San Jose",26,1,0,0
"San Jose",34,0,0,1
"San Francisco",36,1,1,0
"Oakland",39,0,0,0
"Oakland",35,0,0,1
"Oakland",19,0,1,0
"Oakland",36,1,1,0
"Oakland",33,1,1,0
"Oakland",22,1,1,0
"Oakland",15,0,1,0
"San Jose",21,0,0,0
"Oakland",26,0,1,0
"San Jose",18,1,0,0
"San Francisco",23,1,1,0
"San Jose",32,0,0,0
"San Jose",16,0,0,0
"San Jose",20,0,0,0
"San Jose",30,1,0,0
"San Jose",36,0,0,0
"Oakland",30,1,1,1
"San Jose",15,0,0,0
"San Jose",34,0,0,0
"Oakland",39,1,0,0
"San Jose",38,0,0,0
"San Francisco",18,1,1,0
"San Jose",24,0,0,0
"San Francisco",25,0,0,0
"San Jose",22,1,0,1
"San Francisco",29,0,0,0
"San Francisco",29,0,0,0
"San Jose",17,0,0,1
"San Francisco",33,1,1,0
"San Jose",21,1,0,0
"San Francisco",23,0,0,0
"Oakland",29,1,0,0
"San Francisco",39,0,0,0
"Oakland",19,0,0,1
"San Jose",21,0,0,0
"Oakland",31,0,0,0
"Oakland",20,0,0,0
"San Jose",16,1,0,0
"San Francisco",23,0,0,0
"Oakland",25,1,0,0
"Oakland",37,1,1,0
"Oakland",22,1,1,0
"San Jose",32,0,1,0
"Oakland",36,0,0,0
"San Francisco",19,0,0,0
"Oakland",31,0,0,0
"Oakland",35,1,0,0
"Oakland",20,1,1,0
"Oakland",30,1,0,0
"San Francisco",38,1,1,1
"San Jose",36,1,0,0
"San Francisco",15,1,1,0
"San Francisco",34,0,1,0
"Oakland",38,1,1,0
"San Jose",19,0,0,0
"San Jose",22,0,0,0
"San Jose",25,0,0,0
"Oakland",26,1,1,0
"Oakland",32,1,1,0
"Oakland",37,0,0,0
"Oakland",37,1,1,0
"Oakland",37,1,1,0
"Oakland",18,0,0,1
"Oakland",22,0,0,1
"Oakland",38,0,0,0
"San Jose",23,1,1,1
"Oakland",25,1,1,1
"San Francisco",19,1,1,0
"San Jose",22,1,0,0
"Oakland",30,0,0,0
"Oakland",39,0,0,0
"San Jose",36,0,0,0
"San Francisco",24,0,0,0
